#,DOB ,Birth City ,S/P ,Ctry ,Nat,HT ,Wt ,C ,Rk ,Draft ,Rnd ,Ovrl ,Age,First Name,Last Name,End Tm,All Tm,GP ,GS ,W,L ,OT ,SA ,Sv ,GAA,SV%,G ,A ,PIM ,MIN,SO ,StGA,StSV,StMIN,QS,RBS,PULL,StSV%,StGAA,QS%,GR,ReGA,ReSV,ReMIN,ReGAA,ReSV%,Cap Hit,Days,Actual,GVT-GP,GGVT,DGVT,SGVT,GVT,GVS,GPS,ESA,ESV,ESSV%,SHSA,SHSV,SHSV%,PPSA,PPSV,PPSV%,SOW,SOL,SSA,SGA,SOSV%,Dist,LowS,LowG,MedS,MedG,HighS,HighG,AdjSV%,QoC,Gsupp,ExpSV%,1st,2nd,3rd,Ginj,Injury,CHIP
34,1990-08-07,Fredericton,NB,CAN,CAN,74,195,L,,2008,2,34,25,Jake,Allen,STL,STL,47,44,26,15,3,1260,1159,2.35,.920,0,0,0,155002,6,97,1113,2474,25,6,6,.920,2.35,56.8%,3,4,46,109,2.20,.920,2.35,186,2.35,43.1,11.4,-0.1,2.2,13.6,9.8,8.2,1030,954,.926,35,31,.886,195,174,.892,4,0,29,6,.793,36.0,533,18,333,17,294,66,0.920,.0846,2.75,.004,8,4,1,20,"Lower body, Knee",573
31,1989-10-02,Herning,,DNK,DNK,76,220,L,,2012,3,87,26,Frederik,Andersen,ANA,ANA,43,37,22,9,7,1086,998,2.30,.919,0,1,2,137876,3,81,950,2165,24,5,2,.921,2.24,64.9%,6,7,48,133,3.16,.873,1.15,186,1.15,38.3,9.7,0.2,-1.4,8.5,7.2,7.0,877,814,.928,22,19,.864,187,165,.882,1,3,12,6,.500,33.0,502,18,252,22,244,48,0.915,.0859,2.89,.005,3,3,7,11,"Concussion, Upper body, Flu",154
41,1981-05-21,Park Ridge,IL,USA,USA,74,184,L,,2001,3,73,34,Craig,Anderson,OTT,OTT,60,60,31,23,5,1915,1754,2.78,.916,0,2,0,208628,4,161,1754,3479,31,8,4,.916,2.78,51.7%,0,0,0,0,0.00,.000,4.2,186,4.2,58,9.0,-2.0,-0.7,6.4,-1.4,11.6,1601,1480,.924,31,30,.968,283,244,.862,6,3,25,9,.640,32.1,860,21,480,52,414,88,0.912,.0848,3.07,.001,5,4,6,4,Lower body,205
32,1987-07-25,Salt Lake City,UT,USA,USA,70,183,L,,2006,4,120,28,Richard,Bachman,VAN,VAN,1,1,1,0,0,31,28,3.01,.903,0,0,0,3592,0,3,28,60,0,0,0,.903,3.00,0.0%,0,0,0,0,0.00,.000,0.575,33,0.102,1,-0.2,0.0,0.0,-0.2,-0.2,0.1,26,23,.885,1,1,1.000,4,4,1.000,,,,,,24.2,15,0,5,1,8,2,0.896,.0882,4.00,-.009,0,0,0,,,
32,1978-02-13,Helsinki,,FIN,FIN,74,192,L,,,,,37,Niklas,Backstrom,CGY,CGY,4,3,2,2,0,109,96,3.35,.881,0,0,0,13963,0,8,79,180,2,1,0,.908,2.67,66.7%,1,5,17,53,5.66,.773,6.834,186,3.417,3.9,-2.7,0.1,0.0,-2.6,-8.7,0.2,85,76,.894,2,2,1.000,22,18,.818,,,,,,32.4,41,2,29,1,26,10,0.891,.0833,2.67,-.036,1,0,0,,,
45,1988-08-07,Laval,QC,CAN,CAN,72,184,L,,2006,1,11,27,Jonathan,Bernier,TOR,TOR,38,36,12,21,3,1114,1011,2.88,.908,0,0,2,128806,3,97,971,2044,19,8,3,.909,2.85,52.8%,2,6,40,103,3.50,.870,4.15,186,4.15,35.8,-1.8,-0.6,-0.3,-2.7,-10.4,5.6,938,854,.910,27,23,.852,149,134,.899,1,1,8,3,.625,34.6,472,25,305,30,234,48,0.904,.0864,2.47,-.006,4,6,4,5,Lower body,253
20,1987-01-03,Bulach,,CHE,CHE,76,210,L,,2006,4,106,29,Reto,Berra,COL,COL,14,12,5,8,0,374,345,2.41,.922,0,1,2,43243,2,28,328,663,7,2,2,.921,2.53,58.3%,2,1,17,58,1.03,.944,2.9,186,1.24,12,4.0,-0.2,0.0,3.8,2.3,2.5,307,289,.941,8,6,.750,59,50,.847,,,,,,31.4,170,8,94,13,81,8,0.921,.0848,2.50,.007,2,1,1,25,Ankle,884
30,1991-07-13,Repentigny,QC,CAN,CAN,73,177,L,Y,2009,4,95,24,Jean-Francois,Berube,NYI,NYI,7,6,3,2,1,210,192,2.71,.914,0,0,0,23922,0,17,186,370,4,1,0,.916,2.76,66.7%,1,1,6,29,2.07,.857,0.563,186,0.563,6.7,0.6,-0.1,0.0,0.5,0.5,1.2,171,158,.924,7,6,.857,32,28,.875,0,1,3,1,.667,33.8,82,0,56,6,54,12,0.921,.0845,2.33,-.001,1,1,1,27,Lower body,185
50,1993-07-11,Richmond Hill,ON,CAN,CAN,73,167,L,Y,2011,3,88,22,Jordan,Binnington,STL,STL,1,0,0,0,0,4,3,4.69,.750,0,0,0,767,0,,,,,,,.000,0.00,0.0%,1,1,3,13,4.62,.750,0.903,20,0.097,0.2,-0.5,0.0,0.0,-0.5,-0.6,-0.1,4,3,.750,0,0,,0,0,,,,,,,26.4,0,0,3,1,0,0,,.0773,,-.173,0,0,0,,,
30,1986-11-21,Denver,CO,USA,USA,79,216,L,,2005,3,85,29,Ben,Bishop,TBL,TBL,61,60,35,21,4,1672,1549,2.06,.926,0,1,4,215078,6,122,1532,3549,41,4,3,.926,2.06,68.3%,1,1,17,36,1.67,.944,5.95,186,5.95,59.8,24.1,1.0,-1.0,24.1,12.6,12.2,1361,1267,.931,40,36,.900,271,246,.908,1,3,11,5,.545,35.7,743,18,391,28,416,77,0.926,.0856,2.87,.012,10,5,8,,,
72,1988-09-20,Novokuznetsk,,RUS,RUS,74,199,L,,,,,27,Sergei,Bobrovsky,CBJ,CBJ,37,37,15,19,1,1049,952,2.75,.908,0,2,2,126981,1,97,952,2117,18,8,4,.908,2.75,48.6%,0,0,0,0,0.00,.000,7.425,186,7.425,35.3,-1.3,-0.2,0.6,-0.9,-15.5,5.3,847,776,.916,29,26,.897,173,150,.867,1,1,9,2,.778,33.0,458,16,275,27,219,54,0.904,.0853,2.65,-.007,5,4,3,35,Groin,3169
1,1993-03-23,Port Alberni,BC,CAN,CAN,75,202,L,Y,2011,6,164,22,Laurent,Brossoit,EDM,EDM,5,5,0,4,1,142,124,3.61,.873,0,0,0,17971,0,18,124,300,1,2,0,.873,3.60,20.0%,0,0,0,0,0.00,.000,0.925,49,0.244,5,-4.3,0.1,-0.9,-5.2,-5.4,0.1,119,104,.874,4,3,.750,19,17,.895,0,1,2,2,.000,30.5,50,3,38,7,36,8,0.880,.0838,2.40,-.043,1,0,0,,,
31,1982-09-18,Banská Bystrica,,SVK,SVK,73,192,L,,2001,2,63,33,Peter,Budaj,LAK,LAK,1,1,1,0,0,28,24,3.85,.857,0,0,0,3738,0,4,24,62,0,0,0,.857,3.87,0.0%,0,0,0,0,0.00,.000,1.175,6,0.038,1,-1.2,0.0,0.0,-1.2,-1.2,0.0,26,23,.885,1,1,1.000,1,0,.000,,,,,,42.1,10,1,7,2,7,1,0.862,.0935,5.00,-.049,0,0,0,,,
39,1990-04-27,Holliston,MA,USA,USA,74,197,L,Y,,,,25,Mike,Condon,MTL,MTL,55,51,21,25,6,1458,1317,2.71,.903,0,0,0,187364,1,138,1286,3023,26,9,3,.903,2.74,51.0%,4,3,31,100,1.80,.912,0.575,186,0.575,52.1,-7.6,0.8,0.2,-6.6,-6.7,6.6,1204,1096,.910,41,37,.902,213,184,.864,4,3,26,8,.692,36.5,628,14,344,37,345,90,0.904,.0855,2.55,-.011,3,4,3,,,
30,1992-01-18,North Pole,AK,USA,USA,76,196,L,Y,,,,24,Pheonix,Copley,STL,STL,1,0,0,0,0,6,5,2.46,.833,0,0,0,1466,0,,,,,,,.000,0.00,0.0%,1,1,5,24,2.50,.833,0.925,21,0.104,0.4,-0.4,0.1,0.0,-0.3,-0.4,0.0,5,4,.800,0,0,,1,1,1.000,,,,,,78.9,4,0,0,1,1,0,0.718,.0842,,-.082,0,0,0,,,
50,1984-12-31,Montreal,QC,CAN,CAN,74,216,L,,2003,2,52,31,Corey,Crawford,CHI,CHI,58,58,35,18,5,1718,1587,2.37,.924,0,1,2,199359,7,131,1587,3323,40,9,5,.924,2.37,69.0%,0,0,0,0,0.00,.000,6,186,6,55.4,19.1,-0.6,-0.1,18.3,6.7,12.0,1412,1317,.933,21,21,1.000,285,249,.874,1,1,9,3,.667,33.7,766,26,403,31,419,74,0.923,.0851,2.79,.009,6,9,5,10,Upper body,732
40,1981-06-21,Lafontaine,QC,CAN,CAN,71,180,L,,,,,34,Yann,Danis,NJD,NJD,2,0,0,1,0,18,14,4.75,.778,0,0,0,3030,0,,,,,,,.000,0.00,0.0%,2,4,14,51,4.71,.778,0.575,16,0.049,0.9,-2.0,0.1,0.0,-1.9,-1.9,-0.2,15,12,.800,1,1,1.000,2,1,.500,,,,,,23.0,5,1,3,1,6,2,0.786,.0845,,-.138,0,0,0,,,
33,1988-12-22,Newport News,VA,USA,USA,78,232,L,,2007,6,153,27,Scott,Darling,CHI,CHI,29,24,12,8,4,784,717,2.58,.915,0,0,0,93601,1,62,651,1405,13,5,1,.913,2.65,54.2%,5,5,66,155,1.94,.930,0.588,186,0.588,26,2.7,-0.1,-0.2,2.4,2.3,4.6,659,603,.915,16,14,.875,109,100,.917,0,1,2,1,.500,33.4,334,12,195,16,188,38,0.916,.0849,3.04,-.001,2,0,4,,,
35,1992-03-06,St-Hyacinthe,QC,CAN,CAN,75,210,R,Y,2010,5,138,23,Louis,Domingue,ARI,ARI,39,36,15,18,5,1142,1041,2.75,.912,0,1,0,132364,2,96,1009,2120,21,5,3,.913,2.72,58.3%,3,5,32,86,3.49,.865,0.605,122,0.397,36.8,2.9,-0.7,0.0,2.2,2.1,6.3,923,854,.925,41,36,.878,178,151,.848,1,1,9,2,.778,36.1,489,20,302,24,251,57,0.909,.0852,2.56,-.003,4,3,5,,,
32,1994-05-18,Winnipeg,MB,CAN,CAN,76,205,L,Y,2012,3,76,21,Chris,Driedger,OTT,OTT,1,0,0,0,0,11,11,0.00,1.000,0,0,0,1909,0,,,,,,,.000,0.00,0.0%,1,0,11,32,0.00,1.000,0.8,31,0.133,0.5,0.9,0.0,0.0,0.9,0.8,0.2,7,7,1.000,0,0,,4,4,1.000,,,,,,60.6,5,0,3,0,3,0,1.000,.0826,,.083,0,0,0,,,
40,1986-05-04,Regina,SK,CAN,CAN,78,212,L,,2004,1,14,29,Devan,Dubnyk,MIN,MIN,67,66,32,26,6,1829,1679,2.33,.918,0,0,8,231684,5,149,1665,3826,33,5,5,.918,2.34,50.0%,1,1,14,35,1.71,.933,4.333,186,4.333,64.4,10.6,1.0,0.6,12.2,4.2,11.5,1534,1427,.930,41,38,.927,254,214,.843,3,2,17,5,.706,34.0,838,30,419,38,422,82,0.915,.0852,2.67,.003,5,5,3,5,"Illness, Undisclosed, Groin",264
1,1985-04-09,Newmarket,ON,CAN,CAN,74,209,L,,2003,9,291,30,Brian,Elliott,STL,STL,42,38,23,8,6,1113,1035,2.07,.930,0,0,2,135780,4,74,988,2163,26,6,5,.930,2.05,68.4%,4,4,47,100,2.40,.922,2.5,186,2.5,37.7,19.5,-0.2,-0.4,19.0,14.9,8.6,876,818,.934,24,24,1.000,213,193,.906,1,4,20,7,.650,33.4,466,18,278,18,292,42,0.931,.0862,2.71,.016,5,7,5,10,Lower body,305
1,1988-06-25,Stockholm,,SWE,SWE,70,171,L,,2006,2,46,27,Jhonas,Enroth,LAK,LAK,16,13,7,5,1,398,367,2.17,.922,0,0,0,51378,2,29,344,783,8,1,0,.922,2.22,61.5%,3,2,23,73,1.64,.920,1.25,186,1.25,14.3,4.6,0.2,0.0,4.7,3.2,2.7,333,312,.937,8,8,1.000,57,47,.825,,,,,,38.6,174,6,93,8,101,17,0.922,.0848,2.31,.007,1,2,1,,,
29,1984-11-28,Sorel,QC,CAN,CAN,74,180,L,,2003,1,1,31,Marc-Andre,Fleury,PIT,PIT,58,58,35,17,6,1665,1533,2.29,.921,0,1,2,207753,5,132,1533,3464,35,5,1,.921,2.29,60.3%,0,0,0,0,0.00,.000,5.75,186,5.75,57.7,15.7,0.3,1.0,17.0,5.9,11.0,1372,1272,.927,42,40,.952,251,221,.880,3,2,17,4,.765,35.2,698,21,440,35,395,76,0.921,.0859,3.00,.007,6,4,4,14,"Concussion, Illness",982
31,1992-11-27,Härnösand,,SWE,SWE,75,191,L,Y,2011,7,188,23,Anton,Forsberg,CBJ,CBJ,4,3,1,3,0,97,88,3.03,.907,0,0,0,10689,0,9,82,175,1,0,0,.901,3.09,33.3%,1,0,6,3,0.00,1.000,0.7,37,0.139,3,-0.2,-0.1,0.0,-0.3,-0.4,0.5,72,64,.889,3,3,1.000,22,21,.955,1,0,3,1,.667,24.9,35,3,23,2,30,4,0.910,.0842,1.67,-.009,0,0,1,,,
33,1992-12-27,Karkkila,,FIN,FIN,73,188,L,Y,2011,2,49,23,Christopher,Gibson,NYI,NYI,4,2,1,1,1,93,82,3.40,.882,0,0,0,11642,0,7,51,125,0,1,0,.879,3.36,0.0%,2,4,31,69,3.48,.886,0.75,15,0.06,3.2,-2.2,0.0,0.0,-2.2,-2.2,0.2,87,77,.885,1,1,1.000,5,4,.800,,,,,,33.7,35,4,28,3,19,4,0.879,.0846,3.50,-.034,0,0,0,,,
36,1993-07-14,Pittsburgh,PA,USA,USA,75,226,L,Y,2011,2,39,22,John,Gibson,ANA,ANA,40,38,21,13,4,992,913,2.07,.920,0,1,2,137680,4,77,876,2208,22,3,5,.919,2.09,57.9%,2,2,37,87,1.38,.949,0.925,138,0.686,38.3,10.4,1.1,0.1,11.7,11.1,6.5,802,736,.918,12,12,1.000,178,165,.927,2,1,10,3,.700,37.9,462,11,245,19,207,49,0.915,.0845,2.50,.005,6,5,3,,,
1,1986-01-29,Fussen,,DEU,DEU,73,228,L,,2004,3,94,30,Thomas,Greiss,NYI,NYI,41,38,23,11,4,1197,1107,2.36,.925,0,1,2,137248,1,89,1086,2225,23,2,2,.924,2.40,60.5%,3,1,21,62,0.97,.955,1.5,186,1.5,38.1,14.2,-0.7,1.3,14.8,12.8,8.5,999,932,.933,24,21,.875,174,154,.885,2,1,9,1,.889,30.1,462,20,338,21,307,49,0.926,.0838,3.16,.009,4,2,3,,,
31,1991-11-25,Rosenheim,,DEU,DEU,73,182,L,Y,2010,4,112,24,Philipp,Grubauer,WSH,WSH,22,16,8,9,1,523,480,2.32,.918,0,0,2,66662,0,40,421,958,8,2,0,.913,2.51,50.0%,6,3,59,153,1.18,.952,0.75,186,0.75,18.5,3.7,0.2,0.0,3.9,3.5,3.3,423,389,.920,13,11,.846,87,80,.920,,,,,,36.0,216,7,144,16,120,20,0.917,.0856,2.31,.003,1,2,2,,,
50,1992-07-31,Aizkraukle,,LVA,LVA,75,218,L,Y,2013,5,124,23,Kristers,Gudlevskis,TBL,TBL,1,1,0,0,1,32,31,1.00,.969,0,0,0,3597,0,1,31,60,1,0,0,.969,1.00,100.0%,0,0,0,0,0.00,.000,0.608,31,0.101,1,1.6,0.0,0.0,1.6,1.6,0.4,24,23,.958,2,2,1.000,6,6,1.000,,,,,,22.6,17,0,7,0,7,1,0.964,.0875,0.00,.056,0,0,1,,,
50,1984-10-24,Danderyd,,SWE,SWE,76,201,L,,,,,31,Jonas,Gustavsson,BOS,BOS,24,20,11,9,1,622,565,2.72,.908,0,0,0,75508,1,48,511,1131,10,2,2,.914,2.55,50.0%,4,9,54,127,4.25,.857,0.7,186,0.7,21,-0.5,-0.1,1.1,0.5,0.2,3.2,525,480,.914,19,19,1.000,78,66,.846,2,0,5,0,1.000,35.8,268,13,163,10,135,34,0.906,.0849,2.95,-.007,2,1,3,1,Heart,9
41,1985-05-13,Bratislava,,SVK,SVK,71,181,L,,2003,9,271,30,Jaroslav,Halak,NYI,NYI,36,36,18,13,4,984,904,2.30,.919,0,1,0,125471,3,80,904,2093,22,6,3,.919,2.29,61.1%,0,0,0,0,0.00,.000,4.5,186,4.5,34.9,7.1,0.4,-1.5,6.0,-2.4,6.3,851,782,.919,15,14,.933,118,108,.915,3,3,21,9,.571,33.6,393,10,243,21,268,49,0.923,.0866,2.53,.005,6,3,0,28,"Groin, Upper body, Illness",1537
30,1988-02-11,Surrey,BC,CAN,CAN,73,220,L,,,,,27,Andrew,Hammond,OTT,OTT,24,21,7,11,4,712,651,2.65,.914,0,0,2,82939,1,56,609,1260,13,1,0,.916,2.67,61.9%,3,5,42,122,2.46,.894,1.35,186,1.35,23,2.6,-0.3,0.7,3.0,1.3,4.2,597,559,.936,10,9,.900,105,83,.790,0,3,19,5,.737,31.7,311,11,187,21,153,29,0.911,.0841,2.43,-.002,1,1,1,14,"Concussion, Groin",230
45,1991-04-04,Uppsala,,SWE,SWE,77,200,L,Y,2011,2,38,24,Magnus,Hellberg,NYR,NYR,1,0,0,0,0,6,4,6.00,.667,0,0,0,1200,0,,,,,,,.000,0.00,0.0%,1,2,4,20,6.00,.667,0.625,9,0.03,0.3,-1.2,0.0,0.0,-1.2,-1.2,-0.1,5,4,.800,1,0,.000,0,0,,,,,,,38.1,3,0,1,1,0,1,0.573,.0938,,-.240,0,0,0,,,
30,1993-05-19,Commerce,MI,USA,USA,76,207,L,Y,2012,5,130,22,Connor,Hellebuyck,WPG,WPG,26,26,13,11,1,683,627,2.34,.918,0,0,0,86008,2,56,627,1435,14,6,3,.918,2.34,53.8%,0,0,0,0,0.00,.000,0.925,82,0.408,23.9,5.4,0.2,0.2,5.7,5.3,4.3,559,524,.937,9,8,.889,115,95,.826,1,1,7,2,.714,32.1,278,11,185,14,164,31,0.918,.0857,2.65,.004,6,1,1,,,
1,1982-02-12,Felben Wellhausen,,CHE,CHE,74,191,R,,,,,33,Jonas,Hiller,CGY,CGY,26,23,9,11,1,654,575,3.51,.879,0,0,0,81052,1,75,542,1277,7,8,4,.878,3.52,30.4%,3,4,33,74,3.24,.892,4.5,186,4.5,22.5,-17.1,0.2,0.2,-16.8,-25.2,1.1,524,471,.899,20,18,.900,110,86,.782,1,1,7,2,.714,34.3,248,13,154,23,173,43,0.885,.0823,3.04,-.039,2,0,1,,,
70,1989-09-16,Lloydminster,SK,CAN,CAN,74,217,L,,2008,4,93,26,Braden,Holtby,WSH,WSH,66,66,48,9,7,1802,1661,2.20,.922,0,1,6,230471,3,141,1661,3845,44,6,6,.922,2.20,66.7%,0,0,0,0,0.00,.000,6.1,186,6.1,64,18.7,0.8,-0.4,19.1,7.3,12.1,1488,1381,.928,49,46,.939,265,234,.883,4,2,17,6,.647,34.0,816,22,428,37,418,82,0.919,.0846,3.26,.006,10,12,4,,,
35,1984-03-26,Syracuse,NY,USA,USA,73,218,L,,2003,2,64,31,Jimmy,Howard,DET,DET,37,33,14,14,5,979,887,2.80,.906,0,1,2,118433,2,85,833,1844,17,6,5,.907,2.77,51.5%,4,7,54,130,3.23,.885,5.292,186,5.292,32.9,-2.7,-0.1,-0.7,-3.6,-13.7,4.8,813,743,.914,23,22,.957,143,122,.853,0,2,9,4,.556,31.7,420,16,223,19,244,57,0.908,.0860,2.64,-.008,2,4,4,,,
34,1990-03-02,Barrie,ON,CAN,CAN,75,202,R,,2008,3,77,25,Michael,Hutchinson,WPG,WPG,30,25,9,15,3,805,730,2.84,.907,0,0,0,95157,0,70,655,1415,9,3,2,.903,2.97,36.0%,5,5,75,171,1.75,.938,0.575,186,0.575,26.4,-1.5,-0.3,-1.4,-3.2,-3.3,4.0,630,571,.906,18,17,.944,157,142,.904,0,1,3,3,.000,32.5,332,11,217,16,181,48,0.907,.0864,2.36,-.007,2,0,1,,,
30,1985-12-19,Thunder Bay,ON,CAN,CAN,73,201,L,,,,,30,Carter,Hutton,NSH,NSH,17,15,7,5,4,464,426,2.33,.918,0,1,0,58736,2,36,399,913,7,1,0,.917,2.37,46.7%,2,2,27,66,1.82,.931,0.725,186,0.725,16.3,3.2,0.2,-0.3,3.2,2.8,2.9,392,359,.916,16,15,.938,56,52,.929,1,1,5,2,.600,34.1,211,8,113,11,102,19,0.914,.0875,2.47,.006,3,1,1,4,"Lower body, Upper body",35
31,1986-06-10,Saskatoon,SK,CAN,CAN,75,196,L,,2006,5,125,29,Chad,Johnson,BUF,BUF,45,40,22,16,4,1270,1168,2.36,.920,0,2,0,155465,1,99,1107,2418,24,3,0,.918,2.46,60.0%,5,3,61,173,1.04,.953,1.3,186,1.3,43.2,9.5,0.2,-0.1,9.6,8.0,8.2,1046,969,.926,29,27,.931,195,172,.882,2,3,15,5,.667,32.2,578,15,306,25,285,62,0.917,.0853,2.88,.005,5,2,6,1,Undisclosed,16
31,1990-01-10,North Vancouver,BC,CAN,CAN,76,187,L,,,,,26,Martin,Jones,SJS,SJS,65,65,37,23,4,1734,1591,2.27,.918,0,0,0,227152,6,143,1591,3786,39,9,4,.918,2.27,60.0%,0,0,0,0,0.00,.000,3,186,3,63.1,11.1,1.3,-0.3,12.1,6.9,10.8,1421,1315,.925,45,42,.933,268,234,.873,3,1,11,4,.636,33.8,726,27,447,37,418,79,0.918,.0845,2.83,.002,9,4,4,,,
33,1992-05-18,Winnipeg,MB,CAN,CAN,75,172,L,Y,2011,6,157,23,Jason,Kasdorf,BUF,BUF,1,1,0,1,0,30,26,4.00,.867,0,0,0,3600,0,4,26,60,0,0,0,.867,4.00,0.0%,0,0,0,0,0.00,.000,0.668,0,0,1,-1.1,0.0,0.0,-1.1,-1.1,0.0,27,24,.889,0,0,,3,2,.667,,,,,,40.7,17,1,6,2,3,1,0.834,.0850,1.00,-.048,0,0,0,5,Groin,41
30,1986-05-07,Ust-Kamenogorsk,,KAZ,RUS,71,203,L,,2004,7,206,29,Anton,Khudobin,ANA,ANA,9,7,3,3,0,175,159,2.69,.909,0,0,0,21380,1,16,146,324,3,3,2,.901,2.96,42.9%,2,0,13,32,0.00,1.000,4.5,186,1.734,5.9,0.0,0.0,0.0,0.0,-2.5,0.9,137,123,.898,2,2,1.000,36,34,.944,,,,,,32.4,66,1,41,7,52,8,0.914,.0851,2.29,-.006,1,1,0,,,
1,1989-07-04,Farmingville,NY,USA,USA,75,195,L,,,,,26,Keith,Kinkaid,NJD,NJD,23,20,9,9,1,605,547,2.81,.904,0,0,2,74426,2,54,520,1152,10,5,2,.906,2.81,50.0%,3,4,27,88,2.73,.871,0.725,186,0.725,20.7,-2.7,0.0,0.0,-2.7,-3.1,2.8,488,443,.908,12,11,.917,105,93,.886,0,1,3,1,.667,30.1,271,14,150,14,126,30,0.900,.0835,2.55,-.012,3,0,1,,,
70,1994-04-28,Pori,,FIN,FIN,75,182,L,Y,2012,3,62,21,Joonas,Korpisalo,CBJ,CBJ,31,30,16,11,4,969,891,2.60,.920,0,0,2,108183,0,76,879,1778,18,1,3,.920,2.56,60.0%,1,2,12,25,4.80,.857,0.925,108,0.537,30.1,8.2,-0.9,1.2,8.5,8.0,6.3,816,760,.931,23,20,.870,130,111,.854,4,2,21,5,.762,30.8,439,15,212,21,240,42,0.918,.0844,2.87,.004,4,4,2,,,
35,1990-05-05,Saskatoon,SK,CAN,CAN,77,212,L,,2009,6,161,25,Darcy,Kuemper,MIN,MIN,21,16,6,7,5,507,464,2.43,.915,0,0,2,63804,2,37,399,927,9,2,1,.915,2.39,56.3%,5,6,65,136,2.65,.915,1.25,186,1.25,17.7,1.7,0.3,0.0,2.0,0.5,3.0,430,394,.916,15,13,.867,62,57,.919,,,,,,31.7,198,5,133,15,133,23,0.919,.0861,2.50,.001,2,2,3,8,"Upper body, Concussion",122
31,1988-01-05,Norrtälje,,SWE,SWE,76,187,L,,,,,28,Eddie,Lack,CAR,CAR,34,31,12,14,6,910,820,2.81,.901,0,2,0,115206,2,86,795,1837,15,7,1,.902,2.81,48.4%,3,4,25,83,2.89,.862,1.15,186,1.15,32,-7.7,0.5,0.0,-7.3,-8.6,3.9,806,728,.903,21,19,.905,83,73,.880,,,,,,28.7,367,7,224,28,229,55,0.905,.0867,2.32,-.012,3,2,3,,,
40,1991-07-24,Gothenburg,,SWE,SWE,77,240,L,,2009,2,46,24,Robin,Lehner,BUF,BUF,21,21,5,9,5,634,586,2.47,.924,0,1,8,69845,1,48,586,1164,12,3,3,.924,2.47,57.1%,0,0,0,0,0.00,.000,2.225,186,2.225,19.4,6.9,-0.5,-1.4,5.0,1.4,4.5,520,480,.923,14,13,.929,100,93,.930,0,2,6,4,.333,36.8,327,15,136,7,124,26,0.918,.0854,2.05,.010,2,1,3,50,Ankle,1357
32,1983-11-16,Helsinki,,FIN,FIN,76,205,L,,2002,1,2,32,Kari,Lehtonen,DAL,DAL,43,39,25,10,2,1121,1016,2.76,.906,0,3,2,136751,2,98,969,2163,22,5,5,.908,2.72,56.4%,4,7,47,116,3.62,.870,5.9,186,5.9,38,-3.4,0.0,0.0,-3.4,-14.8,5.5,923,841,.911,30,26,.867,168,149,.887,1,0,3,1,.667,33.9,454,17,293,23,269,65,0.908,.0858,3.56,-.008,6,0,5,3,Upper body,216
49,1981-05-19,Petrolia,ON,CAN,CAN,75,186,L,,1999,6,165,34,Michael,Leighton,CHI,CHI,1,0,0,0,0,17,16,1.52,.941,0,0,0,2369,0,,,,,,,.000,0.00,0.0%,1,1,16,39,1.54,.941,0.575,24,0.074,0.7,0.5,0.0,0.0,0.5,0.5,0.2,12,11,.917,0,0,,5,5,1.000,,,,,,31.8,4,1,5,0,7,0,0.914,.0927,,.034,0,0,0,,,
29,1988-05-03,Gävle,,SWE,SWE,78,215,L,,2008,7,207,27,Anders,Lindback,ARI,ARI,19,13,5,7,1,443,396,3.11,.894,0,1,0,54368,0,40,314,710,5,4,2,.887,3.38,38.5%,6,7,82,196,2.14,.921,0.875,186,0.875,15.1,-5.4,0.0,0.0,-5.4,-6.1,1.5,343,311,.907,15,14,.933,85,71,.835,,,,,,31.1,206,15,90,8,100,24,0.892,.0848,3.08,-.021,2,2,0,27,Achilles,288
35,1993-12-18,LAKEVILLE,MN,USA,USA,74,190,R,Y,,,,22,Charlie,Lindgren,MTL,MTL,1,1,1,0,0,28,26,2.00,.929,0,0,0,3600,0,2,26,60,1,0,0,.929,2.00,100.0%,0,0,0,0,0.00,.000,0.925,10,0.05,1,0.5,0.0,0.0,0.5,0.5,0.2,28,26,.929,0,0,,0,0,,,,,,,51.3,12,1,6,1,8,0,0.927,.0773,4.00,.006,0,0,0,,,
30,1982-03-02,Are,,SWE,SWE,73,188,L,,2000,7,205,33,Henrik,Lundqvist,NYR,NYR,65,64,35,21,7,1944,1788,2.48,.920,0,4,4,226342,4,152,1761,3729,41,6,8,.921,2.45,64.1%,1,4,27,43,5.58,.871,8.5,186,8.5,62.9,15.5,-0.8,0.3,15.0,-1.9,12.6,1620,1513,.934,36,33,.917,288,242,.840,3,2,14,4,.714,30.5,870,21,488,40,430,95,0.917,.0851,2.81,.005,14,5,9,3,Neck,311
1,1979-04-04,Montreal,QC,CAN,CAN,75,217,L,,1997,1,4,36,Roberto,Luongo,FLA,FLA,62,60,35,19,6,1801,1660,2.35,.922,0,2,4,216111,4,138,1618,3503,34,8,3,.921,2.36,56.7%,2,3,42,99,1.82,.933,4.533,186,4.533,60,18.7,-0.4,-0.6,17.6,9.1,12.1,1449,1357,.937,43,40,.930,309,263,.851,5,2,22,8,.636,32.4,852,29,414,41,394,71,0.917,.0842,3.07,.006,6,8,6,,,
25,1990-01-31,Gävle,,SWE,SWE,78,196,L,,2008,2,31,26,Jacob,Markstrom,VAN,VAN,33,30,13,14,4,988,904,2.73,.915,0,2,4,110846,0,84,898,1816,17,4,0,.914,2.78,56.7%,3,0,6,31,0.00,1.000,1.55,186,1.55,30.8,3.9,-0.8,0.6,3.7,1.6,5.9,804,739,.919,21,17,.810,163,148,.908,2,1,12,3,.750,30.6,374,13,285,31,245,40,0.918,.0843,2.07,-.001,5,3,2,15,Hamstring,284
35,1988-05-29,Oakville,ON,CAN,CAN,76,210,R,,2006,3,69,27,Steve,Mason,PHI,PHI,54,53,23,19,10,1602,1470,2.51,.918,0,0,2,189026,4,130,1454,3108,29,5,3,.918,2.51,54.7%,1,2,16,42,2.86,.889,4.1,186,4.1,52.5,10.7,-0.7,-1.5,8.4,0.8,10.0,1362,1269,.932,41,36,.878,199,165,.829,2,6,24,10,.583,36.6,676,21,401,25,393,86,0.919,.0857,2.57,.003,4,8,4,1,Lower body,50
30,1983-05-23,London,ON,CAN,CAN,75,205,L,,2002,6,176,32,Curtis,McElhinney,CBJ,CBJ,18,12,2,7,3,417,371,3.30,.890,0,1,0,50126,0,41,328,719,3,3,0,.889,3.42,25.0%,6,5,43,116,2.59,.896,0.8,186,0.8,13.9,-6.8,-0.1,-0.7,-7.6,-8.1,1.2,330,293,.888,8,7,.875,79,71,.899,0,1,3,2,.333,29.1,180,5,93,12,98,29,0.891,.0873,2.50,-.023,1,0,1,29,"Knee, Ankle",283
30,1980-07-17,East Lansing,MI,USA,USA,74,168,L,,1999,5,138,35,Ryan,Miller,VAN,VAN,51,51,17,24,9,1634,1497,2.70,.916,0,1,2,182609,1,137,1497,3043,25,2,2,.916,2.70,49.0%,0,0,0,0,0.00,.000,6,186,6,50.7,8.0,-1.3,0.5,7.2,-4.4,9.9,1346,1245,.925,45,41,.911,243,211,.868,3,4,24,7,.708,33.0,649,19,452,40,396,78,0.918,.0863,2.45,.002,5,5,4,6,Lower body,439
35,1985-02-13,Chicago,IL,USA,USA,74,203,L,,2004,1,6,30,Al,Montoya,FLA,FLA,25,22,12,7,3,608,559,2.18,.919,0,0,2,81074,0,44,512,1229,13,3,2,.921,2.15,59.1%,3,5,47,122,2.46,.904,1.05,186,1.05,22.5,5.4,0.5,-0.3,5.6,4.5,3.9,503,463,.920,13,12,.923,92,84,.913,2,1,11,4,.636,35.7,295,6,131,14,133,29,0.913,.0867,2.50,.006,4,3,1,2,Head,26
34,1992-02-14,Ostrava,,CZE,CZE,74,183,L,,2010,5,141,23,Petr,Mrazek,DET,DET,54,49,27,16,6,1448,1333,2.33,.921,0,2,2,177635,4,111,1287,2818,32,5,4,.921,2.36,65.3%,5,4,46,143,1.68,.920,0.738,186,0.738,49.4,13.9,0.0,-0.1,13.8,13.4,9.5,1184,1100,.929,33,31,.939,231,202,.874,2,3,15,5,.667,31.0,628,21,368,29,337,65,0.919,.0845,2.53,.005,6,5,7,3,"Illness, Groin",27
30,1994-05-25,Thunder Bay,ON,CAN,CAN,76,178,L,Y,2012,3,83,21,Matt,Murray,PIT,PIT,13,13,9,2,1,355,330,2.00,.930,0,0,0,44915,1,25,330,748,9,0,1,.930,2.01,69.2%,0,0,0,0,0.00,.000,0.894,62,0.298,12.5,6.0,0.1,-0.5,5.7,5.5,2.7,285,266,.933,11,10,.909,59,54,.915,1,1,4,2,.500,33.0,153,5,94,5,83,15,0.928,.0837,3.77,.013,1,1,1,,,
30,1988-03-23,Ústí nad Labem,,CZE,CZE,73,209,L,,2006,2,34,27,Michal,Neuvirth,PHI,PHI,32,29,18,8,4,908,839,2.27,.924,0,1,2,109529,3,65,795,1713,17,3,1,.924,2.28,58.6%,3,4,44,112,2.14,.917,1.625,186,1.625,30.4,11.0,-0.2,-0.5,10.3,8.0,6.4,719,669,.930,22,20,.909,167,150,.898,1,2,10,4,.600,35.7,407,11,224,16,208,42,0.922,.0853,2.69,.009,5,2,3,18,"Knee, Illness, Lower body, Upper body",357
31,1983-08-29,Vantaa,,FIN,FIN,74,210,L,,,,,32,Antti,Niemi,DAL,DAL,48,43,25,13,7,1246,1128,2.67,.905,0,2,2,159263,3,111,1056,2483,20,8,4,.905,2.68,46.5%,5,7,72,171,2.46,.911,4.5,186,4.5,44.2,-4.6,0.6,-2.1,-6.1,-14.5,5.9,1043,961,.921,32,21,.656,171,146,.854,1,2,15,8,.467,35.1,537,20,277,27,314,71,0.907,.0841,2.98,-.011,6,4,4,,,
39,1990-03-19,Lulea,,SWE,SWE,77,229,L,Y,2009,3,62,25,Anders,Nilsson,STL,"EDM, STL",29,24,10,13,2,789,711,3.12,.901,0,1,4,90035,0,71,642,1360,12,5,3,.900,3.13,50.0%,5,7,69,141,2.98,.908,3,186,0.964,25,-5.9,-0.5,1.1,-5.3,-6.2,3.4,652,595,.913,22,18,.818,115,98,.852,2,0,5,0,1.000,31.7,323,16,191,16,197,46,0.904,.0865,2.67,-.012,3,2,3,,,
29,1992-02-14,Sault Ste. Marie,ON,CAN,CAN,78,205,L,Y,,,,23,Matthew,O'Connor,OTT,OTT,1,1,0,1,0,34,31,3.10,.912,0,0,0,3482,0,3,31,58,0,0,0,.912,3.10,0.0%,0,0,0,0,0.00,.000,1.775,14,0.134,1,0.0,-0.1,0.0,0.0,-0.2,0.2,30,27,.900,1,1,1.000,3,3,1.000,,,,,,36.8,14,1,8,1,9,1,0.911,.0826,1.00,-.006,0,0,0,,,
37,1991-04-16,Turku,,FIN,FIN,73,190,L,,2009,6,171,24,Joni,Ortio,CGY,CGY,22,19,7,9,5,564,509,2.76,.902,0,0,2,71805,1,53,490,1144,10,3,0,.902,2.78,52.6%,3,2,19,53,2.26,.905,0.6,108,0.348,19.9,-3.6,0.3,-0.9,-4.3,-4.4,2.5,478,436,.912,12,10,.833,74,63,.851,0,2,5,3,.400,31.6,227,6,142,14,140,35,0.906,.0850,2.84,-.012,0,3,2,,,
31,1987-08-31,Kladno,,CZE,CZE,75,215,L,,2005,2,41,28,Ondrej,Pavelec,WPG,WPG,33,31,13,13,4,918,830,2.78,.904,0,0,0,113941,1,83,791,1817,16,6,2,.905,2.74,51.6%,2,5,39,82,3.66,.886,3.9,186,3.9,31.7,-3.6,0.1,-0.3,-3.8,-10.9,4.3,722,661,.916,25,23,.920,171,146,.854,2,1,11,3,.727,33.2,370,12,228,18,232,58,0.909,.0845,2.81,-.011,1,3,6,33,Knee,1570
31,1992-04-15,Moncton,NB,CAN,CAN,73,200,L,Y,2010,2,49,23,Calvin,Pickard,COL,COL,20,13,7,6,1,539,497,2.56,.922,0,1,0,59126,1,33,393,760,9,1,1,.923,2.61,69.2%,7,9,104,225,2.40,.920,0.851,118,0.54,16.4,5.4,-0.5,0.4,5.4,5.0,3.6,441,407,.923,12,11,.917,86,79,.919,1,0,2,0,1.000,31.9,212,3,144,13,141,26,0.926,.0871,2.77,.009,3,0,2,,,
31,1987-08-16,Anahim Lake,BC,CAN,CAN,75,216,L,,2005,1,5,28,Carey,Price,MTL,MTL,12,12,10,2,0,365,341,2.06,.934,0,0,0,41900,2,24,341,699,9,1,1,.934,2.06,75.0%,0,0,0,0,0.00,.000,6.5,186,6.5,11.6,7.5,-0.2,0.0,7.2,-5.5,3.0,298,279,.936,11,11,1.000,56,51,.911,,,,,,36.9,162,5,99,6,80,13,0.931,.0824,3.58,.017,3,2,2,67,"Leg, Lower body",5311
32,1986-01-21,Milford,CT,USA,USA,73,218,L,,2005,3,72,30,Jonathan,Quick,LAK,LAK,68,68,40,23,5,1820,1671,2.22,.918,0,3,10,242069,5,149,1671,4039,40,9,3,.918,2.21,58.8%,0,0,0,0,0.00,.000,5.8,186,5.8,67.2,15.1,1.3,0.3,16.7,5.5,11.5,1458,1353,.928,26,24,.923,336,294,.875,2,3,19,6,.684,38.2,750,34,479,40,442,75,0.918,.0850,2.79,.003,8,8,8,,,
32,1989-05-12,Rauma,,FIN,FIN,72,193,L,,,,,26,Antti,Raanta,NYR,NYR,25,18,11,6,2,530,487,2.24,.919,0,0,0,69021,1,41,456,1032,12,4,1,.918,2.38,66.7%,7,2,31,118,1.02,.939,0.75,186,0.75,19.1,4.1,0.3,0.0,4.4,4.0,3.4,449,413,.920,16,16,1.000,65,58,.892,,,,,,31.8,222,4,115,11,150,28,0.923,.0841,3.11,.003,5,1,2,3,Head,27
31,1986-07-01,Asikkala,,FIN,FIN,74,206,L,,2004,6,191,29,Karri,Ramo,CGY,CGY,37,37,17,18,1,1034,940,2.63,.909,0,1,0,128678,1,94,940,2145,21,4,2,.909,2.63,56.8%,0,0,0,0,0.00,.000,7.6,186,3.764,35.8,-1.0,0.3,-0.2,-1.0,-7.8,5.4,890,816,.917,23,20,.870,121,104,.860,1,0,2,1,.500,30.5,445,12,253,19,242,63,0.910,.0858,2.68,-.005,3,5,1,,,
40,1987-03-10,Savonlinna,,FIN,FIN,75,176,L,,2005,1,21,28,Tuukka,Rask,BOS,BOS,64,62,31,22,8,1854,1697,2.56,.915,0,1,0,220683,4,152,1654,3598,35,10,4,.916,2.53,56.5%,2,5,43,80,3.75,.896,7,186,7,61.3,9.3,-0.5,1.7,10.4,-3.3,11.1,1562,1443,.924,39,37,.949,253,217,.858,2,2,14,2,.857,35.3,782,23,487,36,429,98,0.915,.0848,2.92,.000,8,8,6,1,Illness,85
34,1988-03-15,Morweena,MB,CAN,CAN,74,217,L,,2006,4,99,27,James,Reimer,SJS,"TOR, SJS",40,37,17,14,7,1128,1040,2.31,.922,0,0,0,137427,3,85,1009,2193,24,6,1,.922,2.33,64.9%,3,3,31,97,1.86,.912,4.6,186,2.3,38.2,12.0,-0.1,2.0,13.9,10.2,7.6,950,891,.938,28,24,.857,150,125,.833,4,4,31,7,.774,32.8,487,18,309,26,244,44,0.919,.0847,2.54,.007,4,3,5,,,
35,1982-11-03,Kempele,,FIN,FIN,77,217,L,,2004,8,258,33,Pekka,Rinne,NSH,NSH,66,66,34,21,10,1744,1583,2.48,.908,0,2,6,233722,4,161,1583,3895,36,11,2,.908,2.48,54.5%,0,0,0,0,0.00,.000,7,186,7,64.9,-2.7,1.7,1.9,0.9,-12.8,8.8,1443,1322,.916,37,36,.973,264,225,.852,3,1,15,2,.867,37.7,812,29,450,36,322,96,0.899,.0849,2.88,-.007,10,6,3,,,
1,1995-04-19,Forssa,,FIN,FIN,71,180,L,Y,2013,4,99,20,Juuse,Saros,NSH,NSH,1,1,0,1,0,23,20,3.10,.870,0,0,0,3481,0,3,20,58,0,0,0,.870,3.10,0.0%,0,0,0,0,0.00,.000,0.925,2,0.01,1,-0.8,0.1,0.0,-0.7,-0.7,0.0,16,15,.938,1,1,1.000,6,4,.667,,,,,,44.0,8,0,9,1,3,2,0.857,.0773,1.00,-.053,0,0,0,,,
35,1986-03-18,Marblehead,MA,USA,USA,75,205,L,,2004,1,26,29,Cory,Schneider,NJD,NJD,58,58,27,25,6,1597,1475,2.15,.924,0,0,0,204746,4,122,1475,3414,40,7,3,.924,2.14,69.0%,0,0,0,0,0.00,.000,6,186,6,56.9,19.4,0.7,-1.8,18.3,6.7,11.1,1295,1208,.933,44,39,.886,258,228,.884,2,5,26,11,.577,30.3,683,24,388,37,404,61,0.923,.0860,2.17,.010,3,6,4,11,Knee,805
40,1986-09-11,Spruce Grove,AB,CAN,CAN,74,181,L,,,,,29,Ben,Scrivens,MTL,MTL,15,14,5,8,0,447,405,3.07,.906,0,0,0,49318,0,42,401,801,4,2,1,.905,3.15,28.6%,1,0,4,21,0.00,1.000,5.95,290,1.829,13.7,-1.6,-0.4,1.1,-0.9,-3.0,2.2,366,339,.926,14,8,.571,67,58,.866,1,0,5,0,1.000,31.4,215,4,108,7,82,31,0.897,.0849,2.64,-.009,2,1,0,,,
41,1982-03-22,Kingston,ON,CAN,CAN,76,215,L,,2001,5,161,33,Mike,Smith,ARI,ARI,32,32,15,13,2,921,844,2.63,.916,0,1,2,105210,3,77,844,1754,16,7,4,.916,2.63,50.0%,0,0,0,0,0.00,.000,5.667,186,5.667,29.2,6.1,-0.7,0.0,5.4,-5.5,5.6,732,683,.933,29,22,.759,160,139,.869,,,,,,30.3,407,12,245,17,192,48,0.912,.0847,2.38,.001,8,2,1,,,
31,1993-06-28,Elmhurst,IL,USA,USA,74,207,L,Y,2011,7,190,22,Garret,Sparks,TOR,TOR,17,17,6,9,1,456,407,3.02,.893,0,0,0,58497,1,49,407,976,7,4,1,.893,3.01,41.2%,0,0,0,0,0.00,.000,0.77,86,0.356,16.3,-6.3,0.2,1.0,-5.1,-5.3,1.5,380,343,.903,7,6,.857,69,58,.841,2,1,11,2,.818,36.4,201,6,116,17,90,26,0.887,.0840,2.29,-.023,3,0,0,10,Lower body,94
,1987-07-28,St. Paul,MN,USA,USA,72,190,L,,2005,4,112,28,Alex,Stalock,SJS,SJS,13,9,3,5,2,285,252,2.94,.884,0,1,0,40448,0,31,206,545,2,5,0,.869,3.41,22.2%,4,2,46,129,0.93,.958,4.8,186,1.39,11.2,-6.1,0.5,-0.7,-6.3,-8.1,0.6,224,200,.893,16,14,.875,45,38,.844,0,2,6,3,.500,34.9,117,7,77,9,58,17,0.881,.0898,3.67,-.026,0,0,0,,,
33,1987-07-05,Caledonia,ON,CAN,CAN,75,193,L,,,,,28,Cam,Talbot,EDM,EDM,56,53,21,27,5,1648,1511,2.55,.917,0,1,0,193369,3,130,1481,3127,26,4,2,.919,2.49,49.1%,3,7,30,96,4.38,.811,1.45,186,1.45,53.7,9.6,-0.6,-0.8,8.2,6.3,10.1,1339,1232,.920,38,37,.974,271,242,.893,2,2,15,6,.600,32.1,692,21,427,41,393,75,0.917,.0849,2.40,.002,9,4,3,,,
,1989-09-16,Watson,SK,CAN,CAN,72,205,L,Y,2008,5,122,26,Dustin,Tokarski,MTL,MTL,6,4,1,3,0,98,86,3.18,.878,0,0,0,13570,0,10,71,190,1,2,2,.877,3.16,25.0%,2,2,15,36,3.33,.882,1.126,44,0.133,3.8,-2.6,0.1,0.0,-2.5,-2.5,0.1,81,72,.889,1,1,1.000,16,13,.813,,,,,,36.5,8,1,4,0,3,4,0.789,.0871,1.75,-.035,0,0,0,,,
60,1991-04-29,Nuremberg,,DEU,,74,185,,Y,,,,24,Niklas,Treutle,ARI,ARI,2,1,0,1,0,20,15,6.04,.750,0,0,2,2982,0,5,11,40,0,1,1,.688,7.50,0.0%,1,0,4,10,0.00,1.000,0.925,18,0.09,0.8,-2.6,0.0,0.0,-2.6,-2.7,-0.3,12,10,.833,2,2,1.000,6,3,.500,,,,,,40.4,43,2,29,2,14,8,0.859,.0826,1.00,-.167,0,0,0,,,
35,1993-07-31,Lugnvik,,SWE,SWE,76,212,L,Y,2012,6,163,22,Linus,Ullmark,BUF,BUF,20,20,8,10,2,565,516,2.60,.913,0,0,0,67840,0,49,516,1131,13,4,2,.913,2.60,65.0%,0,0,0,0,0.00,.000,0.925,84,0.418,18.9,1.1,0.0,0.0,1.1,0.7,3.2,503,464,.922,10,7,.700,52,45,.865,0,2,6,2,.667,33.9,256,5,151,10,109,34,0.906,.0856,2.10,-.001,0,1,4,,,
1,1988-04-27,Samara,,RUS,RUS,74,209,L,,2006,1,23,27,Semyon,Varlamov,COL,COL,57,57,27,25,3,1714,1566,2.81,.914,0,0,6,189565,2,148,1566,3161,25,10,7,.914,2.81,43.9%,0,0,0,0,0.00,.000,5.9,186,5.9,52.7,5.2,-1.4,1.5,5.3,-6.1,9.9,1424,1314,.923,49,45,.918,241,207,.859,3,0,10,1,.900,30.9,678,27,453,32,435,89,0.916,.0850,2.63,-.001,14,6,2,6,Groin,432
88,1994-07-25,Tyumen,,RUS,RUS,75,207,L,Y,2012,1,19,21,Andrei,Vasilevskiy,TBL,TBL,24,21,11,10,0,646,588,2.76,.910,0,0,0,75518,1,57,564,1218,9,3,2,.908,2.81,42.9%,3,1,24,41,1.46,.960,2.109,165,1.214,21,0.2,-0.2,1.1,1.0,-0.5,3.5,509,469,.921,18,16,.889,119,103,.866,2,0,8,1,.875,38.1,282,14,157,19,149,25,0.908,.0823,2.62,-.007,3,1,2,12,Blood clots,309
30,1984-02-29,Saskatoon,SK,CAN,CAN,73,185,L,,2002,1,25,31,Cam,Ward,CAR,CAR,52,51,23,17,10,1343,1221,2.41,.909,0,0,0,182284,1,122,1214,3011,25,7,3,.909,2.43,49.0%,1,0,7,27,0.00,1.000,6.3,186,6.3,50.6,-1.9,1.6,0.7,0.4,-11.8,7.0,1155,1058,.916,29,26,.897,159,137,.862,2,5,28,8,.714,35.4,583,27,339,26,299,69,0.907,.0848,2.47,-.006,7,3,4,5,"Lower body, Concussion",384
31,1992-08-14,Etobicoke,ON,CAN,CAN,74,195,L,Y,2010,3,84,23,Scott,Wedgewood,NJD,NJD,4,4,2,1,1,116,111,1.25,.957,0,0,0,14445,1,5,111,241,3,0,0,.957,1.24,75.0%,0,0,0,0,0.00,.000,0.588,10,0.032,4,4.7,0.0,0.0,4.7,4.7,1.3,96,92,.958,2,2,1.000,18,17,.944,,,,,,28.6,55,1,27,2,29,2,0.954,.0853,1.75,.042,1,2,0,,,
35,1992-05-22,Plzen,,CZE,CZE,73,195,L,Y,,,,23,Roman,Will,COL,COL,1,0,0,0,0,3,2,3.25,.667,0,0,0,1108,0,,,,,,,.000,0.00,0.0%,1,1,2,18,3.33,.667,0.568,4,0.012,0.3,-0.6,0.1,0.0,-0.5,-0.5,-0.1,2,2,1.000,0,0,,1,0,.000,,,,,,123.4,1,0,0,1,1,0,0.718,.0886,,-.245,0,0,0,,,
37,1987-06-09,Detroit,MI,USA,USA,74,179,L,,2006,3,74,28,Jeff,Zatkoff,PIT,PIT,14,11,4,7,1,408,374,2.79,.917,0,0,0,43923,0,31,336,659,7,3,0,.916,2.82,63.6%,3,3,38,73,2.47,.927,0.6,186,0.6,12.2,2.2,-0.5,-0.9,0.8,0.7,2.5,330,302,.915,9,7,.778,69,65,.942,0,1,2,2,.000,36.3,212,4,86,3,76,27,0.908,.0840,2.00,.001,1,0,2,,,
